[
	{
		"query": "Adams China Gates",
		"title": "Phrygian Gates: China Gates – John Adams",
		"link": "https://musescore.com/user/10919536/scores/2377386",
		"status": "✅ Success"
	},
	{
		"query": "Adams China Gates",
		"title": "Phrygian Gates: China Gates – John Adams",
		"link": "https://musescore.com/user/10919536/scores/2377386",
		"status": "✅ Success"
	},
	{
		"query": "Adams China Gates",
		"title": "Phrygian Gates: China Gates – John Adams",
		"link": "https://musescore.com/user/10919536/scores/2377386",
		"status": "✅ Success"
	},
	{
		"query": "Adams China Gates",
		"title": "Phrygian Gates: China Gates – John Adams",
		"link": "https://musescore.com/user/10919536/scores/2377386",
		"status": "✅ Success"
	},
	{
		"query": "Adams China Gates",
		"title": "Phrygian Gates: China Gates – John Adams",
		"link": "https://musescore.com/user/10919536/scores/2377386",
		"status": "✅ Success"
	}
]
